<resources><color name="md_theme_light_primary">#994061</color><color name="md_theme_light_onPrimary">#FFFFFF</color><color name="md_theme_light_primaryContainer">#FFD8E3</color><color name="md_theme_light_onPrimaryContainer">#3E001C</color><color name="md_theme_light_secondary">#74575F</color><color name="md_theme_light_onSecondary">#FFFFFF</color><color name="md_theme_light_secondaryContainer">#FFD9E2</color><color name="md_theme_light_onSecondaryContainer">#2B151C</color><color name="md_theme_light_tertiary">#7C5635</color><color name="md_theme_light_onTertiary">#FFFFFF</color><color name="md_theme_light_tertiaryContainer">#FFDCBF</color><color name="md_theme_light_onTertiaryContainer">#2E1500</color><color name="md_theme_light_error">#BA1B1B</color><color name="md_theme_light_errorContainer">#FFDAD4</color><color name="md_theme_light_onError">#FFFFFF</color><color name="md_theme_light_onErrorContainer">#410001</color><color name="md_theme_light_background">#FCFCFC</color><color name="md_theme_light_onBackground">#1F1A1B</color><color name="md_theme_light_surface">#FCFCFC</color><color name="md_theme_light_onSurface">#1F1A1B</color><color name="md_theme_light_surfaceVariant">#F2DDE1</color><color name="md_theme_light_onSurfaceVariant">#514347</color><color name="md_theme_light_outline">#837377</color><color name="md_theme_light_inverseOnSurface">#FAEEEF</color><color name="md_theme_light_inverseSurface">#352F30</color><color name="md_theme_light_primaryInverse">#FFB1CA</color><color name="md_theme_dark_primary">#FFB1CA</color><color name="md_theme_dark_onPrimary">#5E1133</color><color name="md_theme_dark_primaryContainer">#7B2849</color><color name="md_theme_dark_onPrimaryContainer">#FFD8E3</color><color name="md_theme_dark_secondary">#E2BDC6</color><color name="md_theme_dark_onSecondary">#422A31</color><color name="md_theme_dark_secondaryContainer">#5B3F47</color><color name="md_theme_dark_onSecondaryContainer">#FFD9E2</color><color name="md_theme_dark_tertiary">#EFBD94</color><color name="md_theme_dark_onTertiary">#48290B</color><color name="md_theme_dark_tertiaryContainer">#613F20</color><color name="md_theme_dark_onTertiaryContainer">#FFDCBF</color><color name="md_theme_dark_error">#FFB4A9</color><color name="md_theme_dark_errorContainer">#930006</color><color name="md_theme_dark_onError">#680003</color><color name="md_theme_dark_onErrorContainer">#FFDAD4</color><color name="md_theme_dark_background">#1F1A1B</color><color name="md_theme_dark_onBackground">#EBE0E1</color><color name="md_theme_dark_surface">#1F1A1B</color><color name="md_theme_dark_onSurface">#EBE0E1</color><color name="md_theme_dark_surfaceVariant">#514347</color><color name="md_theme_dark_onSurfaceVariant">#D6C2C6</color><color name="md_theme_dark_outline">#9E8C90</color><color name="md_theme_dark_inverseOnSurface">#1F1A1B</color><color name="md_theme_dark_inverseSurface">#EBE0E1</color><color name="md_theme_dark_primaryInverse">#994061</color><color name="seed">#000000</color><color name="error">#BA1B1B</color></resources>